Date,Block,Timestamp
2021-05-04T12:00:00Z,12367618,1620129601
2021-05-05T12:00:00Z,12374078,1620216010
2021-05-06T12:00:00Z,12380614,1620302417
2021-05-07T12:00:00Z,12387011,1620388813
2021-05-08T12:00:00Z,12393540,1620475202
2021-05-09T12:00:00Z,12400035,1620561602
2021-05-10T12:00:00Z,12406483,1620648000
2021-05-11T12:00:00Z,12413025,1620734429
2021-05-12T12:00:00Z,12419481,1620820807
2021-05-13T12:00:00Z,12425908,1620907220
2021-05-14T12:00:00Z,12432376,1620993604
2021-05-15T12:00:00Z,12438843,1621080020
2021-05-16T12:00:00Z,12445335,1621166411
2021-05-17T12:00:00Z,12451761,1621252824
2021-05-18T12:00:00Z,12458257,1621339200
2021-05-19T12:00:00Z,12464682,1621425600
2021-05-20T12:00:00Z,12471178,1621512008
2021-05-21T12:00:00Z,12477561,1621598422
2021-05-22T12:00:00Z,12483969,1621684812
2021-05-23T12:00:00Z,12490404,1621771207
2021-05-24T12:00:00Z,12496865,1621857600
2021-05-25T12:00:00Z,12503354,1621944025
2021-05-26T12:00:00Z,12509823,1622030420
2021-05-27T12:00:00Z,12516246,1622116801
2021-05-28T12:00:00Z,12522704,1622203239
2021-05-29T12:00:00Z,12529128,1622289616
2021-05-30T12:00:00Z,12535614,1622376014
2021-05-31T12:00:00Z,12541997,1622462475
2021-06-01T12:00:00Z,12548428,1622548800
2021-06-02T12:00:00Z,12554960,1622635210
2021-06-03T12:00:00Z,12561422,1622721601
2021-06-04T12:00:00Z,12567835,1622808039
2021-06-05T12:00:00Z,12574318,1622894419
2021-06-06T12:00:00Z,12580817,1622980800
2021-06-07T12:00:00Z,12587275,1623067223
2021-06-08T12:00:00Z,12593746,1623153611
2021-06-09T12:00:00Z,12600208,1623240005
2021-06-10T12:00:00Z,12606636,1623326406
2021-06-11T12:00:00Z,12613110,1623412805
2021-06-12T12:00:00Z,12619526,1623499215
2021-06-13T12:00:00Z,12626014,1623585609
2021-06-14T12:00:00Z,12632439,1623672008
2021-06-15T12:00:00Z,12638920,1623758412
2021-06-16T12:00:00Z,12645373,1623844813
2021-06-17T12:00:00Z,12651835,1623931201
2021-06-18T12:00:00Z,12658288,1624017618
2021-06-19T12:00:00Z,12664687,1624104025
2021-06-20T12:00:00Z,12671108,1624190410
2021-06-21T12:00:00Z,12677492,1624276808
2021-06-22T12:00:00Z,12683878,1624363218
2021-06-23T12:00:00Z,12690257,1624449631
2021-06-24T12:00:00Z,12696712,1624536001
2021-06-25T12:00:00Z,12703145,1624622400
2021-06-26T12:00:00Z,12709552,1624708800
2021-06-27T12:00:00Z,12715936,1624795205
2021-06-28T12:00:00Z,12722405,1624881605
2021-06-29T12:00:00Z,12728828,1624968022
2021-06-30T12:00:00Z,12735199,1625054401
2021-07-01T12:00:00Z,12741641,1625140808
2021-07-02T12:00:00Z,12748060,1625227206
2021-07-03T12:00:00Z,12754477,1625313610
2021-07-04T12:00:00Z,12760892,1625400004
2021-07-05T12:00:00Z,12767353,1625486405
2021-07-06T12:00:00Z,12773785,1625572816
2021-07-07T12:00:00Z,12780162,1625659200
2021-07-08T12:00:00Z,12786582,1625745603
2021-07-09T12:00:00Z,12793026,1625832021
2021-07-10T12:00:00Z,12799505,1625918406
2021-07-11T12:00:00Z,12805870,1626004808
2021-07-12T12:00:00Z,12812332,1626091203
2021-07-13T12:00:00Z,12818661,1626177630
2021-07-14T12:00:00Z,12825028,1626264008
2021-07-15T12:00:00Z,12831437,1626350412
2021-07-16T12:00:00Z,12837783,1626436804
2021-07-17T12:00:00Z,12844134,1626523208
2021-07-18T12:00:00Z,12850467,1626609645
2021-07-19T12:00:00Z,12856852,1626696018
2021-07-20T12:00:00Z,12863282,1626782403
2021-07-21T12:00:00Z,12869676,1626868804
2021-07-22T12:00:00Z,12876055,1626955201
2021-07-23T12:00:00Z,12882507,1627041617
2021-07-24T12:00:00Z,12888852,1627128027
2021-07-25T12:00:00Z,12895301,1627214423
2021-07-26T12:00:00Z,12901690,1627300813
2021-07-27T12:00:00Z,12907951,1627387205
2021-07-28T12:00:00Z,12914310,1627473627
2021-07-29T12:00:00Z,12920588,1627560007
2021-07-30T12:00:00Z,12926843,1627646432
2021-07-31T12:00:00Z,12933196,1627732814
2021-08-01T12:00:00Z,12939503,1627819217
2021-08-02T12:00:00Z,12945816,1627905610
2021-08-03T12:00:00Z,12952193,1627992009
2021-08-04T12:00:00Z,12958525,1628078411
2021-08-05T12:00:00Z,12964836,1628164837
2021-08-06T12:00:00Z,12971296,1628251218
2021-08-07T12:00:00Z,12977805,1628337613
2021-08-08T12:00:00Z,12984306,1628424000
2021-08-09T12:00:00Z,12990785,1628510405
2021-08-10T12:00:00Z,12997266,1628596811
2021-08-11T12:00:00Z,13003739,1628683232
2021-08-12T12:00:00Z,13010221,1628769625
2021-08-13T12:00:00Z,13016689,1628856001
2021-08-14T12:00:00Z,13023161,1628942402
2021-08-15T12:00:00Z,13029640,1629028801
2021-08-16T12:00:00Z,13036156,1629115202
2021-08-17T12:00:00Z,13042593,1629201600
2021-08-18T12:00:00Z,13049081,1629288005
2021-08-19T12:00:00Z,13055560,1629374412
2021-08-20T12:00:00Z,13062007,1629460818
2021-08-21T12:00:00Z,13068485,1629547237
2021-08-22T12:00:00Z,13074998,1629633633
2021-08-23T12:00:00Z,13081405,1629720001
2021-08-24T12:00:00Z,13087898,1629806401
2021-08-25T12:00:00Z,13094434,1629892802
2021-08-26T12:00:00Z,13100851,1629979219
2021-08-27T12:00:00Z,13107327,1630065626
2021-08-28T12:00:00Z,13113752,1630152002
2021-08-29T12:00:00Z,13120253,1630238400
2021-08-30T12:00:00Z,13126751,1630324816
2021-08-31T12:00:00Z,13133157,1630411205
2021-09-01T12:00:00Z,13139684,1630497611
2021-09-02T12:00:00Z,13146148,1630584014
2021-09-03T12:00:00Z,13152610,1630670414
2021-09-04T12:00:00Z,13159070,1630756807
2021-09-05T12:00:00Z,13165578,1630843218
2021-09-06T12:00:00Z,13172042,1630929610
2021-09-07T12:00:00Z,13178485,1631016019
2021-09-08T12:00:00Z,13184969,1631102444
2021-09-09T12:00:00Z,13191387,1631188826
2021-09-10T12:00:00Z,13197881,1631275202
2021-09-11T12:00:00Z,13204331,1631361611
2021-09-12T12:00:00Z,13210818,1631448010
2021-09-13T12:00:00Z,13217234,1631534430
2021-09-14T12:00:00Z,13223731,1631620804
2021-09-15T12:00:00Z,13230157,1631707200
2021-09-16T12:00:00Z,13236632,1631793601
2021-09-17T12:00:00Z,13243069,1631880005
2021-09-18T12:00:00Z,13249539,1631966400
2021-09-19T12:00:00Z,13256018,1632052807
2021-09-20T12:00:00Z,13262475,1632139203
2021-09-21T12:00:00Z,13269004,1632225658
2021-09-22T12:00:00Z,13275445,1632312008
2021-09-23T12:00:00Z,13281869,1632398406
2021-09-24T12:00:00Z,13288380,1632484805
2021-09-25T12:00:00Z,13294842,1632571202
2021-09-26T12:00:00Z,13301242,1632657609
2021-09-27T12:00:00Z,13307660,1632744016
2021-09-28T12:00:00Z,13314115,1632830439
2021-09-29T12:00:00Z,13320531,1632916820
2021-09-30T12:00:00Z,13326969,1633003206
2021-10-01T12:00:00Z,13333306,1633089621
2021-10-02T12:00:00Z,13339708,1633176020
2021-10-03T12:00:00Z,13346087,1633262427
2021-10-04T12:00:00Z,13352457,1633348806
2021-10-05T12:00:00Z,13358940,1633435219
2021-10-06T12:00:00Z,13365295,1633521602
2021-10-07T12:00:00Z,13371704,1633608023
2021-10-08T12:00:00Z,13378062,1633694404
2021-10-09T12:00:00Z,13384411,1633780810
2021-10-10T12:00:00Z,13390773,1633867207
2021-10-11T12:00:00Z,13397163,1633953601
2021-10-12T12:00:00Z,13403483,1634040006
2021-10-13T12:00:00Z,13409877,1634126402
2021-10-14T12:00:00Z,13416187,1634212803
2021-10-15T12:00:00Z,13422507,1634299212
2021-10-16T12:00:00Z,13428907,1634385602
2021-10-17T12:00:00Z,13435295,1634472002
2021-10-18T12:00:00Z,13441695,1634558408
2021-10-19T12:00:00Z,13448062,1634644818
2021-10-20T12:00:00Z,13454473,1634731201
2021-10-21T12:00:00Z,13460874,1634817613
2021-10-22T12:00:00Z,13467281,1634904014
2021-10-23T12:00:00Z,13473636,1634990400
2021-10-24T12:00:00Z,13480065,1635076804
2021-10-25T12:00:00Z,13486456,1635163209
2021-10-26T12:00:00Z,13492869,1635249606
2021-10-27T12:00:00Z,13499254,1635336022
2021-10-28T12:00:00Z,13505612,1635422403
2021-10-29T12:00:00Z,13511949,1635508801
2021-10-30T12:00:00Z,13518339,1635595215
2021-10-31T12:00:00Z,13524660,1635681621
2021-11-01T12:00:00Z,13531044,1635768012
2021-11-02T12:00:00Z,13537386,1635854421
2021-11-03T12:00:00Z,13543747,1635940831
2021-11-04T12:00:00Z,13550081,1636027286
2021-11-05T12:00:00Z,13556474,1636113601
2021-11-06T12:00:00Z,13562843,1636200004
2021-11-07T13:00:00Z,13569494,1636290040
2021-11-08T13:00:00Z,13575914,1636376423
2021-11-09T13:00:00Z,13582293,1636462819
2021-11-10T13:00:00Z,13588611,1636549208
2021-11-11T13:00:00Z,13595042,1636635604
2021-11-12T13:00:00Z,13601438,1636722065
2021-11-13T13:00:00Z,13607821,1636808420
2021-11-14T13:00:00Z,13614126,1636894827
2021-11-15T13:00:00Z,13620456,1636981215
2021-11-16T13:00:00Z,13626724,1637067606
2021-11-17T13:00:00Z,13633043,1637154016
2021-11-18T13:00:00Z,13639487,1637240444
2021-11-19T13:00:00Z,13645701,1637326810
2021-11-20T13:00:00Z,13652032,1637413206
2021-11-21T13:00:00Z,13658327,1637499626
2021-11-22T13:00:00Z,13664630,1637586015
2021-11-23T13:00:00Z,13670984,1637672408
2021-11-24T13:00:00Z,13677350,1637758809
2021-11-25T13:00:00Z,13683605,1637845205
2021-11-26T13:00:00Z,13689868,1637931607
2021-11-27T13:00:00Z,13696214,1638018001
2021-11-28T13:00:00Z,13702532,1638104412
2021-11-29T13:00:00Z,13708744,1638190801
2021-11-30T13:00:00Z,13714903,1638277206
2021-12-01T13:00:00Z,13721214,1638363606
2021-12-02T13:00:00Z,13727465,1638450006
2021-12-03T13:00:00Z,13733743,1638536408
2021-12-04T13:00:00Z,13739939,1638622801
2021-12-05T13:00:00Z,13746222,1638709204
2021-12-06T13:00:00Z,13752426,1638795629
2021-12-07T13:00:00Z,13758646,1638882009
2021-12-08T13:00:00Z,13764939,1638968442
2021-12-09T13:00:00Z,13771180,1639054803
2021-12-10T13:00:00Z,13777542,1639141221
2021-12-11T13:00:00Z,13783994,1639227633
2021-12-12T13:00:00Z,13790466,1639314024
2021-12-13T13:00:00Z,13796971,1639400403
2021-12-14T13:00:00Z,13803428,1639486825
2021-12-15T13:00:00Z,13809871,1639573223
2021-12-16T13:00:00Z,13816336,1639659622
2021-12-17T13:00:00Z,13822762,1639746014
2021-12-18T13:00:00Z,13829261,1639832427
2021-12-19T13:00:00Z,13835737,1639918802
2021-12-20T13:00:00Z,13842156,1640005218
2021-12-21T13:00:00Z,13848668,1640091614
2021-12-22T13:00:00Z,13855146,1640178002
2021-12-23T13:00:00Z,13861553,1640264404
2021-12-24T13:00:00Z,13868035,1640350817
2021-12-25T13:00:00Z,13874482,1640437219
2021-12-26T13:00:00Z,13880964,1640523607
2021-12-27T13:00:00Z,13887459,1640610011
2021-12-28T13:00:00Z,13893879,1640696406
2021-12-29T13:00:00Z,13900354,1640782804
2021-12-30T13:00:00Z,13906827,1640869212
2021-12-31T13:00:00Z,13913266,1640955613
2022-01-01T13:00:00Z,13919688,1641042002
2022-01-02T13:00:00Z,13926113,1641128455
2022-01-03T13:00:00Z,13932606,1641214817
2022-01-04T13:00:00Z,13939111,1641301213
2022-01-05T13:00:00Z,13945564,1641387608
2022-01-06T13:00:00Z,13951933,1641474022
2022-01-07T13:00:00Z,13958495,1641560407
2022-01-08T13:00:00Z,13964898,1641646801
2022-01-09T13:00:00Z,13971484,1641733213
2022-01-10T13:00:00Z,13977906,1641819609
2022-01-11T13:00:00Z,13984362,1641906030
2022-01-12T13:00:00Z,13990842,1641992409
2022-01-13T13:00:00Z,13997279,1642078822
2022-01-14T13:00:00Z,14003776,1642165218
2022-01-15T13:00:00Z,14010138,1642251601
2022-01-16T13:00:00Z,14016660,1642338014
2022-01-17T13:00:00Z,14023173,1642424406
2022-01-18T13:00:00Z,14029635,1642510800
2022-01-19T13:00:00Z,14036122,1642597202
2022-01-20T13:00:00Z,14042557,1642683601
2022-01-21T13:00:00Z,14049051,1642770018
2022-01-22T13:00:00Z,14055574,1642856459
2022-01-23T13:00:00Z,14062025,1642942813
2022-01-24T13:00:00Z,14068466,1643029251
2022-01-25T13:00:00Z,14074891,1643115621
2022-01-26T13:00:00Z,14081398,1643202004
2022-01-27T13:00:00Z,14087821,1643288400
2022-01-28T13:00:00Z,14094300,1643374801
2022-01-29T13:00:00Z,14100786,1643461202
2022-01-30T13:00:00Z,14107270,1643547604
2022-01-31T13:00:00Z,14113805,1643634024
2022-02-01T13:00:00Z,14120230,1643720402
2022-02-02T13:00:00Z,14126785,1643806819
2022-02-03T13:00:00Z,14133145,1643893211
2022-02-04T13:00:00Z,14139660,1643979606
2022-02-05T13:00:00Z,14146161,1644066001
2022-02-06T13:00:00Z,14152672,1644152408
2022-02-07T13:00:00Z,14159058,1644238806
2022-02-08T13:00:00Z,14165573,1644325220
2022-02-09T13:00:00Z,14172042,1644411605
2022-02-10T13:00:00Z,14178492,1644498014
2022-02-11T13:00:00Z,14184896,1644584411
2022-02-12T13:00:00Z,14191392,1644670813
2022-02-13T13:00:00Z,14197923,1644757202
2022-02-14T13:00:00Z,14204418,1644843612
2022-02-15T13:00:00Z,14210848,1644930012
2022-02-16T13:00:00Z,14217279,1645016423
2022-02-17T13:00:00Z,14223793,1645102803
2022-02-18T13:00:00Z,14230228,1645189219
2022-02-19T13:00:00Z,14236650,1645275611
2022-02-20T13:00:00Z,14243056,1645362014
2022-02-21T13:00:00Z,14249566,1645448404
2022-02-22T13:00:00Z,14255995,1645534805
2022-02-23T13:00:00Z,14262460,1645621216
2022-02-24T13:00:00Z,14268956,1645707600
2022-02-25T13:00:00Z,14275395,1645794003
2022-02-26T13:00:00Z,14281856,1645880410
2022-02-27T13:00:00Z,14288358,1645966810
2022-02-28T13:00:00Z,14294792,1646053206
2022-03-01T13:00:00Z,14301275,1646139645
2022-03-02T13:00:00Z,14307746,1646226013
2022-03-03T13:00:00Z,14314116,1646312414
2022-03-04T13:00:00Z,14320605,1646398802
2022-03-05T13:00:00Z,14327002,1646485209
2022-03-06T13:00:00Z,14333468,1646571608
2022-03-07T13:00:00Z,14339832,1646658000
2022-03-08T13:00:00Z,14346346,1646744403
2022-03-09T13:00:00Z,14352717,1646830800
2022-03-10T13:00:00Z,14359213,1646917221
2022-03-11T13:00:00Z,14365682,1647003607
2022-03-12T13:00:00Z,14372090,1647090059
2022-03-13T12:00:00Z,14378180,1647172808
2022-03-14T12:00:00Z,14384595,1647259236
2022-03-15T12:00:00Z,14391030,1647345604
2022-03-16T12:00:00Z,14397453,1647432004
2022-03-17T12:00:00Z,14403893,1647518422
2022-03-18T12:00:00Z,14410280,1647604844
2022-03-19T12:00:00Z,14416733,1647691202
2022-03-20T12:00:00Z,14423143,1647777604
2022-03-21T12:00:00Z,14429561,1647864000
2022-03-22T12:00:00Z,14435992,1647950401
2022-03-23T12:00:00Z,14442409,1648036804
2022-03-24T12:00:00Z,14448822,1648123206
2022-03-25T12:00:00Z,14455300,1648209601
2022-03-26T12:00:00Z,14461702,1648296011
2022-03-27T12:00:00Z,14468102,1648382403
2022-03-28T12:00:00Z,14474548,1648468845
2022-03-29T12:00:00Z,14480941,1648555208
2022-03-30T12:00:00Z,14487439,1648641615
2022-03-31T12:00:00Z,14493824,1648728004
2022-04-01T12:00:00Z,14500234,1648814418
2022-04-02T12:00:00Z,14506609,1648900815
2022-04-03T12:00:00Z,14513017,1648987202
2022-04-04T12:00:00Z,14519412,1649073603
2022-04-05T12:00:00Z,14525757,1649160003
2022-04-06T12:00:00Z,14532227,1649246400
2022-04-07T12:00:00Z,14538599,1649332815
2022-04-08T12:00:00Z,14544992,1649419209
2022-04-09T12:00:00Z,14551388,1649505607
2022-04-10T12:00:00Z,14557833,1649592001
2022-04-11T12:00:00Z,14564280,1649678405
2022-04-12T12:00:00Z,14570559,1649764826
2022-04-13T12:00:00Z,14576976,1649851200
2022-04-14T12:00:00Z,14583417,1649937630
2022-04-15T12:00:00Z,14589817,1650024005
2022-04-16T12:00:00Z,14596219,1650110421
2022-04-17T12:00:00Z,14602681,1650196810
2022-04-18T12:00:00Z,14609066,1650283242
2022-04-19T12:00:00Z,14615389,1650369604
2022-04-20T12:00:00Z,14621766,1650456014
2022-04-21T12:00:00Z,14628177,1650542408
2022-04-22T12:00:00Z,14634535,1650628807
2022-04-23T12:00:00Z,14640921,1650715246
2022-04-24T12:00:00Z,14647319,1650801603
2022-04-25T12:00:00Z,14653673,1650888000
2022-04-26T12:00:00Z,14660018,1650974441
2022-04-27T12:00:00Z,14666337,1651060801
2022-04-28T12:00:00Z,14672733,1651147201
2022-04-29T12:00:00Z,14679059,1651233606
2022-04-30T12:00:00Z,14685454,1651320045
2022-05-01T12:00:00Z,14691833,1651406440
2022-05-02T12:00:00Z,14698156,1651492801
2022-05-03T12:00:00Z,14704524,1651579248
2022-05-04T12:00:00Z,14710810,1651665614
2022-05-05T12:00:00Z,14717145,1651752006
2022-05-06T12:00:00Z,14723415,1651838408
2022-05-07T12:00:00Z,14729688,1651924802
2022-05-08T12:00:00Z,14735959,1652011208
2022-05-09T12:00:00Z,14742300,1652097601
2022-05-10T12:00:00Z,14748436,1652184004
2022-05-11T12:00:00Z,14754717,1652270405
2022-05-12T12:00:00Z,14760960,1652356807
2022-05-13T12:00:00Z,14767234,1652443219
2022-05-14T12:00:00Z,14773491,1652529628
2022-05-15T12:00:00Z,14779830,1652616008
2022-05-16T12:00:00Z,14786120,1652702411
2022-05-17T12:00:00Z,14792412,1652788811
2022-05-18T12:00:00Z,14798725,1652875227
2022-05-19T12:00:00Z,14804844,1652961640
2022-05-20T12:00:00Z,14810996,1653048007
2022-05-21T12:00:00Z,14817152,1653134406
2022-05-22T12:00:00Z,14823252,1653220812
2022-05-23T12:00:00Z,14829455,1653307203
2022-05-24T12:00:00Z,14835647,1653393617
2022-05-25T12:00:00Z,14841762,1653480025
2022-05-26T12:00:00Z,14847839,1653566426
2022-05-27T12:00:00Z,14854043,1653652817
2022-05-28T12:00:00Z,14860155,1653739222
2022-05-29T12:00:00Z,14866315,1653825607
2022-05-30T12:00:00Z,14872409,1653912015
